{"branches": 94.11764705882352, "coverage": 98.12388326384753}