{"branches": 94.23076923076923, "coverage": 97.9845880260818}